{
    "BLEU": [
        0.015131175099736712,
        0.012260722723528955,
        0.011029493402710222,
        0.010025929611925046
    ],
    "CIDEr": 0.0025235901973489913,
    "ROUGE": 0.004607043499401582,
    "SPICE": 0.008940611679237976,
    "BERT Score": {
        "Precision": 0.6778461933135986,
        "Recall": 0.6909245252609253,
        "F1": 0.683417797088623
    }
}